full_name,time_arrival,number,time_departure,cost
Jacob Lewis,2025-03-18,2169,2025-07-19,1981
Kelly Bean,2024-10-14,2042,2025-07-04,31900
Tracey Prince,2025-04-27,1853,2026-06-20,11960
Joel Mcclure,2024-11-07,65,2025-11-21,10701
Mary Glass,2025-01-17,874,2026-01-16,74104
Rita Castillo DDS,2024-12-29,1889,2025-06-10,73308
Luke Johnson,2025-04-19,1254,2025-10-06,57457
Stephen Sheppard,2025-05-26,2216,2026-05-28,48757
Dillon Sheppard,2024-06-05,1927,2024-12-21,58937
Nicole Stephens,2025-04-27,1993,2026-04-27,34590
Sandra Oneal,2024-12-30,22,2025-06-28,91018
James Meyer,2024-11-10,307,2026-03-09,55782
Sara Brown,2025-02-13,750,2026-04-11,44993
Stephen Woodard,2024-06-22,2047,2024-12-31,39884
Jordan Romero,2024-12-26,86,2026-02-21,84667
Tonya Esparza,2024-12-03,229,2025-01-18,96644
Emily Gray,2025-01-23,128,2025-12-06,29822
Patrick Scott,2024-10-15,40,2026-01-24,58486
Mark Rodriguez,2024-10-24,2296,2025-08-23,85258
Alexandria Gilbert,2025-01-20,465,2025-04-13,21368
Samantha Williams,2025-05-24,1989,2026-05-02,66141
Wesley Wells,2024-06-11,2316,2025-01-21,22181
Barbara Ortiz,2024-06-04,2324,2024-12-22,38431
Karen Brennan,2024-10-11,914,2024-11-17,23394
Sierra Page,2025-02-25,820,2026-03-12,72780
Jennifer Gibson,2024-06-11,765,2025-08-28,4724
Jean Hernandez,2024-12-30,1091,2026-04-12,62113
Elizabeth Murray,2025-01-13,1406,2025-07-30,73722
Mark Dillon,2024-06-17,790,2024-08-21,71077
Meghan Whitney,2025-04-24,2058,2025-10-21,20483
Lisa Parks,2024-10-03,1988,2025-07-12,61150
Donna Bell,2025-03-28,578,2025-05-27,42104
Debra Hughes,2024-10-19,1312,2025-12-29,43119
Leslie Smith,2024-06-23,2253,2025-05-19,22058
Wendy Brooks,2024-09-19,480,2025-03-25,15410
Cindy Greene,2024-09-16,883,2024-11-15,4656
Ian Blanchard,2025-05-09,2242,2026-05-23,75469
Stephen Clements,2025-04-28,325,2025-09-05,84726
Elizabeth Butler,2024-06-10,1897,2025-02-02,69675
Allison Martinez,2025-05-27,811,2025-08-19,28081
Tasha Hatfield,2025-02-12,979,2025-07-08,28362
Mrs. Monica Thompson,2025-01-20,316,2025-08-15,31346
Jack Young,2024-11-28,1796,2026-04-05,22886
Terry Randall,2025-02-11,514,2025-05-02,20105
William Foley,2025-02-26,2174,2026-02-28,32824
Richard Holloway,2024-10-06,1573,2025-04-20,92409
Nathan Smith,2025-01-18,348,2026-03-12,85047
Douglas Jones,2025-03-11,1920,2025-10-18,73218
Jessica Jones,2024-10-09,305,2025-08-20,34120
Isabella Wright,2025-02-18,1160,2025-06-19,61526
Erica Ortiz,2024-10-04,803,2026-02-04,10449
Angela Hooper,2025-04-18,356,2026-03-28,91307
Brian Taylor,2025-01-22,919,2025-07-09,75573
Elizabeth Perry,2025-05-14,712,2026-09-20,1410
Lorraine Reyes,2024-10-21,579,2025-11-18,56898
Shawn Strickland,2024-11-05,2186,2025-03-24,34701
Chad Riley,2025-03-01,364,2025-03-02,67845
Dana Martin,2024-08-10,1935,2025-11-20,32244
Jessica Knapp,2025-04-10,1605,2025-05-30,86818
Barbara Williams,2025-02-04,1605,2025-05-01,4762
Pamela Rhodes,2024-05-21,42,2024-07-27,8247
Roberto Fisher,2025-01-24,419,2025-07-16,24159
Chloe Taylor,2024-12-06,403,2025-10-23,75778
Pamela Suarez,2025-03-02,1017,2026-02-24,62433
Sarah Simon,2025-04-02,1540,2025-10-16,77504
Maria White,2025-02-05,681,2026-05-04,73374
Tammy Lozano,2024-09-18,2357,2024-09-29,92619
Steven Salazar,2024-05-05,334,2025-05-16,30150
Michael Jackson,2024-05-26,1922,2024-09-01,56877
Casey Hood,2025-03-27,1191,2026-07-26,87371
John Barajas,2024-06-03,2213,2024-10-23,16911
Kendra Erickson PhD,2024-09-12,1431,2025-10-13,30904
Ana Stewart,2025-04-18,573,2025-08-06,67345
Clayton Yang,2025-06-05,1630,2026-05-15,62941
Heather Taylor,2025-02-20,1015,2025-04-26,51865
Krystal Kidd,2024-11-08,184,2025-05-04,78973
Jonathan Harris,2025-06-05,479,2026-05-21,38425
Jeffrey Roy DVM,2024-05-26,1411,2025-01-25,85923
David Thompson,2025-02-24,1259,2025-11-12,72319
Rebecca Gonzalez,2024-11-18,1903,2025-08-12,12633
Robert Rowe,2024-07-01,904,2024-08-14,50863
Nancy Brown,2024-10-20,90,2025-06-18,44059
Christopher Robinson,2024-09-03,865,2025-08-03,64056
David Jackson,2024-10-15,1789,2025-11-08,85712
Heather Mason,2024-10-05,1295,2025-05-13,44253
David Garcia,2025-01-06,531,2025-12-28,64666
Stephanie Hartman,2024-12-24,1599,2026-05-05,77873
William Mckinney,2024-05-23,833,2024-10-29,51565
Courtney Crawford,2024-12-20,1774,2025-03-20,32896
Tracy Anderson,2024-06-06,1497,2025-04-06,8183
Jennifer Rogers,2024-10-18,1384,2025-09-29,48753
Karen Walker,2025-05-08,1379,2025-08-22,72230
Crystal James,2025-04-30,150,2025-09-19,36917
Christopher Wyatt,2024-09-03,689,2024-09-07,97568
Melody Fuentes,2025-02-12,1596,2025-03-12,37673
Eric Khan,2025-02-12,406,2026-04-06,9664
David Mcdaniel,2024-12-04,1766,2026-04-16,93758
David Scott,2024-06-20,2047,2025-05-04,62765
Kristine Callahan,2024-05-24,784,2025-05-02,14454
Nicole Solis,2024-11-16,919,2025-11-28,81642
